Core Matrisome,Matrisome Associated
HSPG2,A2M
FGG,ANXA2
COL1A1,SERPINA1
COL6A3,PLG
COL1A2,F2
FN1,ANXA1
COL6A1,ANXA6
FGA,LGALS1
FGB,TGM2
BGN,ITIH1
TNC,SERPINF1
COL14A1,ITIH2
LAMB2,HTRA1
PRELP,AMBP
LUM,S100A8
COL3A1,C1QC
THBS1,ANXA5
VCAN,SERPINA3
LAMA5,ITIH4
COL12A1,SERPINC1
EFEMP1,CLEC3B
LAMC1,SERPINE2
COL4A2,CTSB
AEBP1,C1QB
VTN,SERPINE1
FBN1,PLXNB3
OGN,LGALS3
COL18A1,TIMP1
NID1,ANXA4
DCN,SERPINH1
THBS2,HGF
IGFBP7,HPX
LTBP2,KNG1
COL4A1,S100A9
POSTN,SERPING1
COL6A2,C1QA
TGFBI,ADAMTS1
PCOLCE,HRG
FBLN2,WNT5A
TINAGL1,SERPIND1
MFGE8,FLG2
DPT,TIMP3
ASPN,LPA
EMILIN1,MMP1
TNXB,TIMP2
ACAN,MMP2
ABI3BP,PRSS3
SPARC,ELANE
COL15A1,MMP12
NID2,CTSD
LAMA4,FSTL1
FMOD,MUC2
ELN,CSTB
LTBP1,SEMA3C
FBLN1,F9
PXDN,TGM4
TINAG,LOXL1
SBSPON,PRSS1
FBN2,S100A10
COL4A4,F13A1
AGRN,GREM1
MGP,S100A11
COL5A2,SCUBE3
COL5A1,CTSG
VWA1,P4HA1
MFAP4,CTSS
WISP2,ANGPTL2
LAMB1,SERPINB6
CYR61,ANXA11
HAPLN1,BMP1
FBLN5,FRZB
COL4A3,MUC16
IGFALS,SLPI
LAMA1,PLOD1
IGFBP5,LGALS4
LTBP4,MMP9
SPP1,ITIH3
COL11A1,SULF2
MFAP2,CXCL12
COL4A6,CTSZ
COL2A1,ITIH5
HMCN1,AGT
PODN,GDF15
THSD4,IL6
IGFBP3,ANGPTL6
ADIPOQ,SEMA3B
MATN2,CTSA
CHADL,HRNR
CTGF,SULF1
VWF,SFRP1
LAMA2,F12
COMP,S100A7
PRG2,SERPINA5
COL5A3,SERPINA4
LAMA3,S100A13
OPTC,SERPINF2
EDIL3,CCL18
TNN,PLAT
SPON1,P4HA2
LAMB3,PF4
HAPLN3,CPN2
IGFBP6,GPC1
MXRA5,LOXL2
EFEMP2,SERPINB1
EMILIN2,ANXA7
LAMC2,F13B
SLIT2,PRSS12
COL8A1,PPBP
COL4A5,F10
LRG1,MDK
HMCN2,PLOD2
EMILIN3,PF4V1
PAPLN,CXCL1
PRG3,LMAN1
OMD,FST
NPNT,FCN3
COL7A1,NGF
CHAD,S100A4
IGFBP4,CD109
CRISPLD2,ANXA3
SPOCK1,IGF2
ECM1,INHBA
SRGN,HCFC1
CTHRC1,LOX
MFAP5,CLEC11A
COL8A2,S100A6
CILP,MUC5B
COL21A1,PAMR1
SRPX2,WNT5B
SLIT3,PAPPA
NELL2,CTSF
COL6A6,SERPINB9
COL10A1,P3H1
COL9A1,TGM3
PRG4,LOXL4
LTBP3,ST14
COL28A1,CSTA
COL16A1,CTSC
THBS4,ANGPT1
THBS3,PLXNB2
GAS6,INHBE
FGL2,MMP14
VWA5A,SERPINB5
MMRN1,EBI3
SRPX,CSPG4
COL22A1,CST3
FBN3,LOXL3
SPARCL1,C1QTNF5
RELN,ANGPTL4
NTN3,ADAMTS2
KERA,LEFTY1
SMOC1,PLOD3
MEPE,FGF2
LGI1,SDC2
LAMC3,MUC13
FGL1,WNT2B
COL9A3,HABP2
FRAS1,FCN1
TNFAIP6,TGFB1
COL24A1,PRSS2
RSPO1,LGALS7
PCOLCE2,IL16
MMRN2,SERPINB12
SMOC2,PTN
FNDC1,CCL21
SVEP1,CTSH
COL11A2,PLXDC2
INTS14,LEFTY2
IGFBP2,CTSL
FBLN7,EGFL7
COL6A5,ADAM10
COL9A2,IL34
SPOCK3,FREM2
COL23A1,PZP
DMBT1,HTRA3
VWA5B2,LGALS9
MFAP1,SDC4
NTN4,MEGF6
SPON2,SERPINA9
TNR,FLG
COL17A1,ADAMTSL4
MATN4,ITLN1
LGI2,MMP11
COCH,ADAMDEC1
VWA3B,ADAM9
VIT,S100A16
COL13A1,CCL19
LGI4,GPC6
ECM2,IFNA2
BMPER,SERPINB3
TSKU,ANXA13
COL19A1,SEMA4B
DSPP,TGM1
SLIT1,MMP28
CILP2,SFRP4
COL27A1,MST1L
SNED1,SERPINA7
VWA5B1,S100A14
NCAN,MASP1
EPYC,SEMA3D
OIT3,CXCL8
CRELD1,MBL2
IGSF10,CTSK
COL25A1,FAM20B
VWCE,CLEC18B
SSPO,SDC3
OTOL1,MMP24
VWA2,FCN2
EYS,CRLF1
RSPO3,GDF6
EGFLAM,S100A12
EMID1,ANGPTL3
PXDNL,MST1
COLQ,INS
OTOG,ADAMTSL1
CRISPLD1,MUC1
DMP1,PLAU
TSPEAR,CXCL6
COL26A1,SEMA4A
ESM1,CRLF3
CRIM1,MASP2
NTNG1,SEMA3A
COL20A1,MMP7
CRELD2,C17orf58
NYX,C1QTNF3
NTNG2,TGFB2
FNDC8,CST1
IMPG2,CHRD
HAPLN4,TNFSF13
TECTB,SERPINB4
VWA3A,ADAMTS14
AMELX,S100A1
NELL1,GDF10
ZP3,COLEC11
LAMB4,FSTL3
,C1QTNF1
,PDGFB
,WNT2
,CCL5
,SERPINA12
,CXCL13
,GPC4
,ELFN2
,CPAMD8
,PLXNA1
,S100P
,CLC
,WNT10B
,SFRP2
,MMP8
,FREM3
,ADAMTS5
,S100B
,VEGFA
,IL18
,HGFAC
,CLEC1B
,IL1RN
,SERPINB8
,WNT6
,CHRDL2
,IL17D
,LGALS9B
,SERPINA6
,CTSV
,C1QTNF7
,S100A3
,MEP1A
,COLEC12
,ADAM12
,INHBC
,SERPINB10
,SDC1
,CBLN4
,FGF1
,LIF
,MMP10
,SERPINA10
,PDGFC
,ADAMTSL5
,PDGFD
,WNT11
,PLXND1
,NGLY1
,CCL14
,FGF23
,EGFL6
,PLXNA2
,PDGFA
,REG4
,LGALS8
,REG3A
,SEMA4C
,PLXNC1
,MUC19
,ADAMTS4
,LMAN1L
,BMP3
,ADAMTS12
,PLXNB1
,ADAMTS9
,TGM5
,SEMA3G
,HTRA4
,FREM1
,TCHHL1
,MMP15
,CXCL2
,ADAMTS16
,VEGFC
,CXCL5
,TNFSF12
,SFTPC
,C1QL2
,SCUBE2
,EGFL8
,MUC5AC
,WNT1
,NRTN
,CST6
,CLEC12A
,CHRDL1
,ADAM15
,TGM6
,ADAM21
,HCFC2
,A2ML1
,MEGF8
,CRNN
,TGFB3
,GDF11
,KY
,CCL24
,EGF
,NRG2
,HYAL2
,CLEC4E
,SERPINB7
,ADAM8
,TNFSF13B
,MMP23B
,ADAMTSL3
,PAPPA2
,ITIH6
,ADAM23
,MEGF10
,PCSK5
,ADAMTS7
,ITLN2
,CCBE1
,MMP13
,C1QTNF9
,HPSE2
,LGALS12
,TCHH
,ANGPT4
,CLEC7A
,TMPRSS15
,TGM7
,SEMA6B
,SEMA4D
,PLXNA4
,F7
,TNFSF9
,CLEC12B
,TNFSF11
,IL10
,TLL1
,SHH
,ADAM7
,CXCL14
,CCL22
,FGFBP2
,MUC17
,REG3G
,WNT7B
,LGALS16
,ADAM30
,ADAM22
,OVGP1
,IL17B
,INHA
,COLEC10
,C1QL4
,ANXA10
,CNTF
,CBLN2
,ADAMTS18
,WFIKKN1
,OSM
,PIK3IP1
,ADAMTSL2
,GDNF
,BRINP3
,ADAMTS19
,NRG3
,GPC2
,MUC12
,MMP21
,GDF3
,EGLN1
,MMP16
,FGF14
,WNT9A
,FGF18
,PCSK6
,CTF1
,NRG1
,ADAMTS15
,MUC7
,MUC6
,REG1B
,GH1
,OGFOD2
,SCUBE1
,ADAMTS8
,ADAM17
,EREG
,FGFBP3
,SERPINA11
,ISM1
,MSTN
,TPO
,ADAMTS17
,MMP25
,ISM2
,WNT8A
,WNT10A
,CXCL10
